{
  "total_flights": 99,
  "total_distance": 95394.73,
  "total_flight_time": 209.42,
  "total_delay": 34.58,
  "airports_visited": [
    "AMS",
    "ATL",
    "BCN",
    "BNA",
    "BOS",
    "CDG",
    "CHO",
    "CVG",
    "DCA",
    "DTW",
    "EWR",
    "FCO",
    "IAD",
    "IAH",
    "JFK",
    "LGA",
    "MCO",
    "MDW",
    "MSP",
    "MSY",
    "ORD",
    "ORF",
    "RIC",
    "SFO",
    "SJU",
    "STL",
    "YYZ"
  ],
  "total_airports": 27,
  "airlines": {
    "UAL": 45,
    "DAL": 39,
    "SWA": 14,
    "NKS": 1
  },
  "total_airlines": 4,
  "top_airline": "UAL",
  "aircraft_types": {
    "Boeing 737-700": 12,
    "Embraer 175": 9,
    "Boeing 737-800": 8,
    "Boeing 737-900ER": 8,
    "Airbus A319": 8,
    "Airbus A320": 7,
    "Boeing 757-200": 6,
    "Boeing 737 MAX 9": 5,
    "Boeing 717-200": 5,
    "Bombardier CRJ900 ": 4,
    "Boeing 737 MAX 8": 4,
    "Boeing 787-10": 3,
    "Airbus A321": 3,
    "Airbus A321neo": 3,
    "Bombardier CRJ700": 3,
    "Boeing 757-300": 2,
    "Airbus A220-100": 2,
    "Boeing 767-300": 1,
    "Embraer 170": 1,
    "Boeing 767-400": 1,
    "Boeing 777-200 ER": 1,
    "Boeing 787-8": 1,
    "Boeing 787-9": 1,
    "Airbus A220-300": 1
  },
  "most_flown_aircraft": "Boeing 737-700",
  "top_routes": {
    "ORD \u2192 RIC": 7,
    "RIC \u2192 MDW": 6,
    "MDW \u2192 ATL": 5,
    "ATL \u2192 RIC": 5,
    "RIC \u2192 ORD": 5,
    "RIC \u2192 DTW": 4,
    "DTW \u2192 MDW": 4,
    "MDW \u2192 RIC": 3,
    "ATL \u2192 MCO": 3,
    "ORD \u2192 ATL": 3
  },
  "countries": [
    "CA",
    "ES",
    "FR",
    "IT",
    "NL",
    "PR",
    "US"
  ],
  "total_countries": 7,
  "routes": [
    [
      "MCO",
      "JFK",
      945.314754996035
    ],
    [
      "JFK",
      "ORD",
      738.0702112456194
    ],
    [
      "MDW",
      "RIC",
      628.3069865354976
    ],
    [
      "RIC",
      "MDW",
      628.3069865354976
    ],
    [
      "MDW",
      "ATL",
      591.5206642461469
    ],
    [
      "ATL",
      "RIC",
      480.4315990288839
    ],
    [
      "RIC",
      "LGA",
      291.89109783056784
    ],
    [
      "LGA",
      "ORD",
      731.3879085730586
    ],
    [
      "MDW",
      "ATL",
      591.5206642461469
    ],
    [
      "ATL",
      "RIC",
      480.4315990288839
    ],
    [
      "RIC",
      "DTW",
      456.11740367993013
    ],
    [
      "DTW",
      "MDW",
      227.75254584392263
    ],
    [
      "MDW",
      "DCA",
      599.2433992115951
    ],
    [
      "MDW",
      "STL",
      251.13562645589764
    ],
    [
      "STL",
      "DCA",
      717.2985531084421
    ],
    [
      "RIC",
      "MDW",
      628.3069865354976
    ],
    [
      "MDW",
      "ATL",
      591.5206642461469
    ],
    [
      "ATL",
      "MCO",
      404.34869319998785
    ],
    [
      "MCO",
      "MDW",
      991.3406256542477
    ],
    [
      "MDW",
      "DTW",
      227.75254584392263
    ],
    [
      "DTW",
      "RIC",
      456.11740367993013
    ],
    [
      "RIC",
      "MDW",
      628.3069865354976
    ],
    [
      "MDW",
      "ATL",
      591.5206642461469
    ],
    [
      "ATL",
      "RIC",
      480.4315990288839
    ],
    [
      "RIC",
      "MDW",
      628.3069865354976
    ],
    [
      "ORD",
      "SFO",
      1841.6922452442584
    ],
    [
      "SFO",
      "BNA",
      1963.868358798634
    ],
    [
      "BNA",
      "ORD",
      409.7849146537432
    ],
    [
      "ORD",
      "RIC",
      641.0340940863402
    ],
    [
      "RIC",
      "ORD",
      641.0340940863402
    ],
    [
      "ORD",
      "MCO",
      1006.672675718144
    ],
    [
      "MCO",
      "ORD",
      1006.672675718144
    ],
    [
      "ORD",
      "RIC",
      641.0340940863402
    ],
    [
      "ORF",
      "ORD",
      715.6010505440049
    ],
    [
      "ORD",
      "MCO",
      1006.672675718144
    ],
    [
      "MCO",
      "CVG",
      758.5175656668074
    ],
    [
      "CVG",
      "ORD",
      264.3214911140135
    ],
    [
      "ORD",
      "IAD",
      587.4470135624479
    ],
    [
      "IAD",
      "FCO",
      4493.964659415812
    ],
    [
      "FCO",
      "ORD",
      4810.75003569485
    ],
    [
      "ORD",
      "YYZ",
      435.17884203179943
    ],
    [
      "YYZ",
      "EWR",
      347.3241611634272
    ],
    [
      "EWR",
      "BOS",
      200.06740463974106
    ],
    [
      "BOS",
      "EWR",
      200.06740463974106
    ],
    [
      "EWR",
      "ORD",
      717.3440182341019
    ],
    [
      "ORD",
      "IAD",
      587.4470135624479
    ],
    [
      "DCA",
      "ORD",
      610.5709473980638
    ],
    [
      "ORD",
      "DCA",
      610.5709473980638
    ],
    [
      "IAD",
      "CDG",
      3850.9752639123562
    ],
    [
      "CDG",
      "ORD",
      4140.945547660501
    ],
    [
      "ORD",
      "RIC",
      641.0340940863402
    ],
    [
      "RIC",
      "EWR",
      277.52377654812494
    ],
    [
      "EWR",
      "SJU",
      1612.0853214027493
    ],
    [
      "SJU",
      "IAH",
      2005.742905207959
    ],
    [
      "IAH",
      "RIC",
      1155.7274451764217
    ],
    [
      "CHO",
      "ORD",
      565.4311387876271
    ],
    [
      "ORD",
      "RIC",
      641.0340940863402
    ],
    [
      "RIC",
      "ORD",
      641.0340940863402
    ],
    [
      "ORD",
      "SFO",
      1841.6922452442584
    ],
    [
      "SFO",
      "BCN",
      5956.161674788553
    ],
    [
      "BCN",
      "IAD",
      4049.038134903115
    ],
    [
      "RIC",
      "ORD",
      641.0340940863402
    ],
    [
      "ORD",
      "RIC",
      641.0340940863402
    ],
    [
      "RIC",
      "ORD",
      641.0340940863402
    ],
    [
      "ORD",
      "AMS",
      4108.419949508823
    ],
    [
      "AMS",
      "ORD",
      4108.419949508823
    ],
    [
      "ORD",
      "MSY",
      838.3847146676695
    ],
    [
      "MSY",
      "EWR",
      1166.5796744392997
    ],
    [
      "EWR",
      "MSP",
      1005.8030494250206
    ],
    [
      "MSP",
      "ORD",
      333.59467319171
    ],
    [
      "ORD",
      "RIC",
      641.0340940863402
    ],
    [
      "RIC",
      "ORD",
      641.0340940863402
    ],
    [
      "ORD",
      "RIC",
      641.0340940863402
    ],
    [
      "RIC",
      "DTW",
      456.11740367993013
    ],
    [
      "DTW",
      "MDW",
      227.75254584392263
    ],
    [
      "ORD",
      "ATL",
      606.6617995364704
    ],
    [
      "ATL",
      "MCO",
      404.34869319998785
    ],
    [
      "MCO",
      "JFK",
      945.314754996035
    ],
    [
      "LGA",
      "RIC",
      291.89109783056784
    ],
    [
      "RIC",
      "MDW",
      628.3069865354976
    ],
    [
      "MDW",
      "RIC",
      628.3069865354976
    ],
    [
      "RIC",
      "DTW",
      456.11740367993013
    ],
    [
      "DTW",
      "MDW",
      227.75254584392263
    ],
    [
      "ORD",
      "ATL",
      606.6617995364704
    ],
    [
      "ATL",
      "RIC",
      480.4315990288839
    ],
    [
      "RIC",
      "DTW",
      456.11740367993013
    ],
    [
      "DTW",
      "MDW",
      227.75254584392263
    ],
    [
      "ORD",
      "MSP",
      333.59467319171
    ],
    [
      "MSP",
      "RIC",
      968.6083403517563
    ],
    [
      "RIC",
      "MDW",
      628.3069865354976
    ],
    [
      "MDW",
      "ATL",
      591.5206642461469
    ],
    [
      "ATL",
      "RIC",
      480.4315990288839
    ],
    [
      "RIC",
      "ATL",
      480.4315990288839
    ],
    [
      "ATL",
      "MDW",
      591.5206642461469
    ],
    [
      "MDW",
      "RIC",
      628.3069865354976
    ],
    [
      "DCA",
      "MCO",
      760.6369522434403
    ],
    [
      "MCO",
      "ORD",
      1006.672675718144
    ],
    [
      "ORD",
      "ATL",
      606.6617995364704
    ],
    [
      "ATL",
      "MCO",
      404.34869319998785
    ]
  ]
}